Bank ID,Revenue,Products,Capital Adequency ,Regulatory Compliance
73915,166704,Deposits,11751,Reporting obligations
66264,165737,Payment Services,10148,Anti-money laundering regulations
4287,161554,Loans,13724,Risk management guidelines
17725,164384,Credit Cards,7750,Consumer Protection Requirements
36382,166058,Investments,8765,Privacy and data protection requirements
26728,156826,Insurance,9168,Security and investment regulations
13062,156133,Wealth Management,10391,Reporting obligations
50933,147741,Deposits,7658,Anti-money laundering regulations
92492,160204,Payment Services,12192,Risk management guidelines
88379,153778,Loans,11166,Consumer Protection Requirements
24689,152030,Credit Cards,11124,Privacy and data protection requirements
86115,160240,Investments,10804,Security and investment regulations
79389,157370,Insurance,9612,Reporting obligations
44037,157758,Wealth Management,12299,Anti-money laundering regulations
34021,156545,Deposits,11890,Risk management guidelines
88844,156006,Payment Services,11941,Consumer Protection Requirements
53060,163404,Loans,12334,Privacy and data protection requirements
86145,152334,Credit Cards,10198,Security and investment regulations
94917,164082,Investments,10841,Reporting obligations
15914,149977,Insurance,11167,Anti-money laundering regulations
37152,163101,Wealth Management,9593,Risk management guidelines
73753,151316,Deposits,11817,Consumer Protection Requirements
93618,155689,Payment Services,10100,Privacy and data protection requirements
9098,146861,Loans,12581,Security and investment regulations
95083,147984,Credit Cards,14292,Reporting obligations
35152,149004,Investments,11046,Anti-money laundering regulations
24734,151758,Insurance,9056,Risk management guidelines
44137,148559,Wealth Management,11190,Consumer Protection Requirements
26680,152460,Deposits,11247,Privacy and data protection requirements
35923,146543,Payment Services,10128,Security and investment regulations
88134,155765,Loans,13184,Reporting obligations
53809,146293,Credit Cards,12171,Anti-money laundering regulations
7322,151350,Investments,11775,Risk management guidelines
39182,150596,Insurance,11983,Consumer Protection Requirements
64266,152148,Wealth Management,10045,Privacy and data protection requirements
54832,152179,Deposits,12723,Security and investment regulations
12061,141768,Payment Services,10904,Reporting obligations
28576,147175,Loans,11168,Anti-money laundering regulations
46758,57473,Credit Cards,3434,Risk management guidelines
77625,144036,Investments,7776,Consumer Protection Requirements
24038,153725,Insurance,8857,Privacy and data protection requirements
96046,160102,Wealth Management,11292,Security and investment regulations
71108,155562,Deposits,9734,Reporting obligations
81567,161069,Payment Services,11825,Anti-money laundering regulations
17748,163054,Loans,10215,Risk management guidelines
20291,169065,Credit Cards,9696,Consumer Protection Requirements
37584,169699,Investments,9621,Privacy and data protection requirements
68436,159701,Insurance,7418,Security and investment regulations
98820,164653,Wealth Management,6744,Reporting obligations
98744,166991,Deposits,6821,Anti-money laundering regulations
,,,,
,,,,
,,,,
,,,,
,,,,
,,,,
